12345	 Nate's First	 Mary Kate	 12345	 Mary's Publishers	 10-10-2024	
23456	 Kate's First	 Late Late	 23456	 Late's Publishers	 10-10-2024	
34567	 Jake's First	 Andy Tate	 34567	 Tate's Publishers	 10-10-2024	
45678	 Pete's First	 Pete Hats	 45678	 Pete's Publishers	 10-10-2024	
56789	 Trev's First	 Trev Pats	 56789	 Trev's Publishers	 10-10-2024	
67891	 Paul's First	 Paul Spaz	 67891	 Paul's Publishers	 10-10-2024	
78910	 Noah's First	 Noah Traz	 78910	 Noah's Publishers	 10-10-2024	
89101	 Eddy's First	 Eddy Cars	 89101	 Eddy's Publishers	 10-10-2024	
91011	 Teddy's First	 Teddy Mars	 91011	 Bruno's Publishers	 10-10-2024	
10111	 Kelly's First	 Kevin Nate	 10111	 Kevin's Publishers	 10-10-2024	